match_id,player_id,goals_scored,minutes_played
1719,36,1,46
412,31,1,49
1618,97,2,52
24,41,1,72
16,100,1,79
14,200,0,61
27,141,1,64
216,35,0,84
12,80,3,82
914,153,0,62
1215,114,0,45
718,137,1,88
319,2,2,88
216,95,0,70
1418,137,3,82
1314,52,0,65
220,201,0,78
14,20,0,48
617,45,3,80
1920,219,0,62
1419,53,3,56
67,65,0,76
212,171,1,68
27,1,0,72
12,41,0,83
616,115,0,79
1518,177,0,59
215,154,0,70
114,120,1,72
15,64,0,71
1013,172,1,82
517,164,1,56
58,167,0,53
716,195,0,68
13,120,0,78
1718,36,0,53
810,167,0,71
1115,14,0,76
46,205,0,63
610,45,1,62
210,81,0,83
419,203,0,48
17,140,0,86
814,107,0,58
115,214,1,79
47,186,0,84
1015,194,0,89
310,9,0,67
47,26,0,56
1218,91,0,46
68,185,0,50
413,143,0,81
113,92,0,69
817,96,0,86
317,22,1,65
1319,112,1,83
1519,34,0,59
79,108,1,76
910,189,0,81
28,27,1,72
1118,170,0,73
420,39,2,59
813,147,0,70
518,24,3,59
28,61,3,86
712,211,2,54
613,72,0,61
1520,59,0,66
310,169,1,47
614,25,1,63
112,200,0,68
25,124,1,73
1418,73,1,46
1013,152,1,63
1318,37,0,55
28,107,0,67
45,144,0,58
217,136,1,65
47,106,0,69
917,188,0,77
511,104,0,60
29,141,2,76
915,154,1,82
817,176,0,62
116,120,1,83
1220,111,0,63
218,77,1,73
318,62,1,81
1214,113,0,52
38,47,0,52
919,118,3,50
514,113,0,68
918,217,0,59
17,200,0,88
515,134,0,69
810,209,3,51
718,177,2,80
37,102,1,51
27,206,0,88
317,82,1,46
1116,10,0,75
311,210,0,86
1112,70,0,71
18,140,0,55
315,162,0,56
35,144,3,64
718,206,0,84
1119,210,0,51
1317,16,0,77
616,205,1,87
718,37,0,62
719,98,0,85
116,80,0,79
219,78,2,81
1819,217,0,81
46,163,0,90
416,63,0,76
1217,211,3,48
318,182,0,80
1217,216,0,55
27,81,0,57
1518,137,0,49
419,138,0,57
717,146,0,71
216,61,0,50
27,66,1,82
616,5,1,66
819,187,0,50
815,174,1,73
613,212,0,46
78,47,2,74
413,152,0,81
612,205,1,82
1417,133,0,59
1417,33,0,78
912,88,2,84
114,60,0,56
35,44,0,77
611,70,1,52
911,8,1,82
1012,129,3,77
1114,113,1,48
820,167,0,78
816,127,3,58
1017,96,2,57
414,33,1,69
619,138,0,54
714,33,1,80
810,87,2,60
912,68,1,83
1011,29,1,53
35,2,0,68
1416,35,0,62
413,112,0,88
1213,51,2,88
38,82,0,77
514,144,0,70
210,9,0,60
414,143,0,84
1619,115,1,83
18,120,0,79
38,62,0,79
112,100,2,70
719,166,0,87
516,155,0,89
620,19,0,69
217,1,0,48
813,32,0,82
914,133,0,53
1119,170,1,75
67,6,2,57
25,64,0,48
89,148,0,84
315,114,0,72
111,90,0,69
720,66,1,87
519,204,0,74
818,27,2,78
620,39,0,71
117,36,0,88
24,83,0,85
720,179,2,80
714,206,1,60
34,42,0,89
113,120,1,52
1416,75,1,62
1319,92,0,86
56,184,1,87
1118,190,1,71
1620,175,0,51
820,19,0,58
416,23,0,75
514,44,0,45
1017,36,0,75
919,18,1,84
116,180,0,86
28,167,2,49
1115,10,2,50
215,14,0,90
69,28,0,84
520,4,3,53
711,190,0,79
1019,178,1,55
212,81,0,76
23,22,1,87
1214,153,0,60
23,62,0,78
519,198,1,48
810,69,0,77
211,90,0,82
13,80,0,63
218,97,1,57
517,36,0,57
37,202,0,84
1019,38,0,75
23,162,0,64
510,89,0,46
916,195,0,55
411,90,2,66
420,83,0,87
68,85,0,55
1215,154,0,47
210,169,0,53
1217,131,0,60
1415,74,1,62
1420,19,0,68
316,175,0,55
1314,92,0,73
1317,12,2,45
18,27,0,54
1518,94,1,89
1319,12,1,49
720,86,0,73
1518,154,0,75
717,36,1,83
1216,155,1,75
1213,72,0,58
1620,119,0,79
118,180,0,48
817,56,0,90
513,164,3,50
613,152,2,74
815,194,0,58
319,18,0,71
517,144,1,57
37,82,0,54
616,25,0,67
1013,149,0,84
116,175,0,78
816,155,0,47
119,218,1,86
59,28,0,62
213,141,1,61
416,3,1,48
320,2,0,48
518,144,0,73
715,86,0,45
912,51,0,55
1115,210,1,76
1516,54,0,65
810,189,2,60
313,142,0,55
1016,49,3,89
210,21,0,58
616,45,0,87
19,140,1,76
16,40,0,63
218,1,0,74
1015,94,0,75
1012,209,1,72
1318,17,0,55
618,217,0,46
912,191,3,76
113,32,1,82
46,85,1,57
815,67,1,79
914,48,0,69
1011,50,0,67
28,127,0,61
818,157,0,76
1315,94,0,54
117,116,0,86
218,81,1,59
712,51,0,72
510,164,0,48
57,6,1,90
511,184,1,50
1213,212,1,77
313,122,0,67
719,86,1,51
313,62,2,69
312,2,0,79
713,32,0,45
58,104,0,66
516,4,1,47
417,176,1,50
1516,55,1,81
319,218,1,64
49,43,3,85
1418,217,0,90
1419,133,0,86
816,35,0,61
1213,132,0,49
313,192,0,47
612,71,0,71
516,124,1,53
26,101,1,80
1012,31,1,46
620,179,3,45
1720,156,0,63
820,67,0,77
28,81,0,68
35,184,0,63
815,207,0,74
920,108,1,76
117,136,3,88
35,202,0,79
1220,191,0,64
113,152,2,57
68,67,0,47
815,167,0,69
1315,194,0,78
115,54,0,63
1718,97,1,48
1517,134,0,78
112,20,0,68
512,144,1,89
1015,189,0,59
517,104,2,63
715,66,0,67
611,50,0,68
47,83,1,64
79,188,3,59
311,162,0,81
17,20,0,57
1316,155,3,58
1316,192,3,89
1519,218,0,52
114,93,1,84
920,99,1,61
1114,30,0,78
714,166,0,82
917,208,1,55
89,108,1,86
1218,117,0,55
1016,155,1,68
212,191,0,66
118,80,1,61
1218,17,1,67
24,3,0,82
1820,77,0,49
312,162,0,63
1718,197,1,80
812,91,0,81
514,173,0,69
1819,38,1,61
1618,197,1,64
920,188,0,57
111,140,0,89
911,70,0,82
1017,156,0,57
58,7,0,85
211,201,0,70
518,104,0,59
717,126,0,52
610,185,1,56
517,156,1,59
1112,131,2,48
519,104,0,58
515,214,0,72
1519,58,1,74
718,66,0,71
89,207,3,50
1320,212,0,45
1220,171,0,57
1516,155,0,88
316,2,0,54
510,129,1,57
511,110,0,69
1319,198,1,65
411,143,2,57
618,185,1,72
213,101,0,58
513,64,0,80
816,187,0,46
819,198,1,51
25,4,0,90
112,160,0,62
14,123,0,55
1214,211,1,51
114,53,0,67
915,134,1,45
715,34,1,81
68,65,0,81
112,60,1,56
19,120,0,50
520,39,0,45
913,112,0,88
45,143,1,46
316,202,0,85
37,146,1,75
1017,189,0,50
47,103,2,57
14,40,1,70
1114,153,0,83
519,138,0,59
39,208,1,59
19,40,0,73
310,202,1,63
417,103,1,86
1720,159,0,84
1118,77,1,53
913,128,0,60
23,202,0,86
217,16,1,88
411,210,0,87
518,204,0,82
47,146,1,56
419,143,0,71
619,85,1,88
713,46,0,45
414,153,0,62
36,22,0,45
212,181,0,90
34,183,0,69
28,87,1,82
312,62,0,52
316,15,0,53
614,73,1,86
319,198,1,75
717,186,1,54
918,148,0,83
1213,192,3,60
219,178,1,80
416,115,1,74
711,26,1,50
49,63,1,52
711,146,0,48
47,43,2,49
18,200,0,82
1220,179,1,79
814,187,0,86
1120,30,0,60
713,152,0,53
26,141,0,52
410,189,2,59
818,167,1,73
616,135,0,62
117,140,0,64
36,105,0,47
1718,136,0,57
115,160,2,71
39,122,1,54
614,5,0,73
48,123,1,83
1319,132,0,76
115,154,1,79
912,151,3,48
1216,151,0,62
719,218,0,45
1114,110,0,74
1014,89,0,67
1619,15,0,45
919,58,2,57
518,97,0,82
416,75,0,58
811,210,0,65
45,184,0,80
317,216,1,59
715,106,1,50
1617,135,1,55
914,33,0,73
617,136,0,85
1719,118,0,45
510,64,1,76
920,48,1,82
67,205,0,64
78,166,0,58
614,85,0,84
512,191,1,75
25,24,1,89
516,35,0,85
513,4,1,70
311,202,0,69
519,58,1,61
217,96,1,89
1118,210,0,62
26,121,0,84
1419,78,0,54
1617,55,1,76
620,219,0,88
316,215,0,71
110,180,0,85
618,137,0,61
216,121,1,48
1719,16,0,45
1318,217,1,51
711,130,0,51
1119,30,0,53
216,115,0,66
413,63,1,88
1014,109,0,54
814,133,0,82
1519,54,0,87
918,57,2,51
311,150,0,48
78,107,0,89
1213,92,0,88
1112,10,1,61
79,146,0,80
619,5,0,60
813,27,1,86
818,177,0,51
617,5,1,65
1820,99,0,77
512,204,1,64
514,104,0,78
1015,129,0,89
911,148,0,71
911,28,1,87
111,120,0,88
714,66,1,86
220,119,0,73
16,45,3,66
218,37,0,48
1620,199,0,52
112,211,0,50
815,214,0,63
37,46,1,61
417,83,0,66
510,209,2,73
517,116,0,48
48,43,1,86
918,37,0,87
1017,49,0,73
12,160,1,72
1216,75,0,79
45,63,0,72
718,157,0,59
917,48,0,59
1520,174,2,54
18,167,2,88
48,207,0,45
313,202,0,52
613,25,1,81
113,72,1,56
1520,179,0,61
1015,214,1,47
317,176,1,89
1820,177,0,68
719,126,1,79
1219,31,0,77
1415,134,1,52
811,70,0,65
317,56,0,51
24,61,0,61
1119,178,0,58
311,142,2,62
615,14,0,66
316,42,1,60
1020,79,0,68
1317,32,0,81
419,183,0,87
720,199,0,55
410,183,1,72
810,109,1,47
919,48,0,57
23,142,2,68
312,11,0,60
711,150,2,80
17,166,0,70
36,62,0,69
910,188,1,69
311,50,1,70
915,188,0,81
28,181,0,84
513,52,3,52
517,56,0,76
813,52,0,78
57,166,0,71
915,174,0,76
1116,195,0,81
15,164,1,57
119,120,0,60
812,47,2,62
13,22,0,55
48,143,0,80
820,139,0,85
58,184,1,68
13,62,0,49
320,142,0,49
39,22,0,49
717,196,0,79
1220,51,0,78
24,101,0,57
1018,129,0,65
413,172,1,55
811,127,0,89
114,153,0,53
25,1,1,45
1015,69,0,65
59,64,0,74
115,200,2,68
811,50,0,55
613,192,0,89
117,180,0,88
618,165,1,47
1116,210,0,47
1013,132,0,70
518,84,1,79
318,142,0,66
520,184,0,62
314,133,1,77
820,59,1,74
59,84,1,71
514,33,1,70
215,41,0,54
27,6,0,67
412,171,0,78
16,0,3,64
26,201,1,82
68,147,0,90
310,82,0,66
312,131,0,62
1920,218,0,73
216,175,0,68
1319,158,1,46
210,141,2,51
912,208,0,87
313,172,0,85
714,186,1,78
518,117,0,71
919,198,0,83
520,99,2,48
1016,9,1,83
911,188,1,70
115,40,1,80
1420,199,0,70
414,133,3,70
58,187,1,68
1218,197,1,69
513,72,0,61
1118,17,0,85
15,120,0,65
1314,193,1,55
1520,94,0,80
1316,35,0,66
510,44,0,66
110,169,0,46
47,46,0,89
219,58,1,88
618,5,1,86
112,111,1,78
78,66,0,52
615,214,1,67
614,13,0,54
1415,93,1,67
38,27,0,77
1619,218,1,81
314,162,0,48
1315,192,0,89
28,7,0,84
18,180,0,75
914,93,0,84
613,12,0,72
611,190,0,82
912,131,0,68
120,140,0,70
1114,173,0,78
916,15,0,57
1314,13,1,46
58,24,0,58
39,168,0,56
1118,97,0,56
315,174,0,64
111,80,0,71
1220,151,0,66
210,1,0,66
1320,72,0,89
1420,113,1,71
611,150,3,83
79,46,3,87
213,41,1,71
1118,137,0,86
510,169,0,71
414,193,0,69
19,48,1,64
111,10,1,48
919,8,0,82
411,130,0,54
1219,218,0,56
418,3,0,79
38,202,0,86
316,115,0,56
49,88,0,66
1011,190,0,54
813,167,0,80
211,110,1,78
1114,70,3,77
911,30,0,88
214,33,1,51
49,183,0,49
319,118,0,73
414,163,0,46
716,6,1,68
26,81,1,73
418,83,0,73
714,173,0,71
913,132,0,85
29,101,0,57
516,195,0,80
1218,11,1,84
34,182,1,55
220,19,0,70
1214,193,1,83
1519,198,0,69
1114,170,0,76
67,66,0,78
120,80,0,84
212,151,0,78
417,96,0,46
319,158,0,86
220,59,0,69
920,88,0,49
310,62,0,60
12,81,0,75
619,198,0,88
1011,210,0,69
816,107,1,71
318,202,2,45
15,0,0,61
114,213,0,54
12,21,1,83
1219,51,1,69
24,43,0,57
117,76,0,77
614,185,0,82
1314,33,2,75
1314,12,0,81
320,219,0,71
1220,131,1,86
912,148,0,75
611,45,0,80
23,42,0,82
1011,69,2,60
816,47,0,56
515,74,0,66
39,102,2,55
319,202,2,87
57,44,0,58
1219,198,2,78
28,207,1,82
1017,116,0,82
1214,93,2,72
117,196,0,49
920,8,0,83
611,145,0,79
311,90,0,47
17,146,3,77
48,67,0,85
67,106,0,46
713,212,0,73
48,63,0,57
817,67,2,53
415,174,1,76
112,11,0,53
614,125,0,63
1017,69,3,63
24,201,0,78
919,108,1,80
514,93,0,57
811,7,1,75
616,95,1,73
212,131,2,69
115,80,0,57
718,146,2,66
414,203,0,61
917,148,0,84
1117,76,0,63
515,34,0,73
620,65,0,47
414,123,0,81
416,215,0,82
214,153,0,87
29,61,0,56
1013,112,0,46
116,115,1,68
719,118,0,46
812,107,0,61
113,40,1,86
1214,31,0,64
618,125,0,45
910,89,0,77
1117,96,0,84
37,22,0,61
1019,218,1,59
1415,154,0,45
315,134,0,48
120,179,1,73
615,134,0,65
715,46,1,70
79,166,0,59
1420,153,1,69
59,208,0,83
715,214,2,47
911,210,0,52
23,122,0,47
1315,14,3,64
915,114,0,54
317,116,0,71
68,167,0,69
49,28,2,45
315,74,0,65
513,112,3,60
716,35,0,54
67,86,0,72
79,66,1,73
419,118,0,61
1113,12,0,56
720,206,0,74
317,2,1,74
810,187,1,83
1516,135,0,68
120,0,0,58
1116,55,0,55
1117,10,1,70
715,146,0,73
213,61,0,49
1517,176,0,67
29,28,0,57
620,125,1,84
59,108,0,71
911,168,1,59
912,211,1,83
1015,109,0,67
610,129,0,81
39,28,2,67
819,18,1,84
1619,55,0,64
620,165,0,67
513,32,0,64
313,182,1,70
1012,9,1,82
1317,52,1,81
14,60,0,77
215,21,1,89
1020,39,0,62
1318,172,0,78
1018,109,1,53
1619,198,1,47
914,128,0,50
57,126,0,58
419,83,3,61
1520,119,0,83
1115,114,1,52
617,65,0,49
1314,53,1,75
1418,193,1,58
1017,9,3,78
813,207,0,67
1014,13,0,58
58,67,1,68
120,19,1,85
1920,78,1,72
220,161,0,65
318,42,1,54
1020,29,0,81
56,25,0,79
420,43,1,55
23,61,0,90
916,48,3,61
14,103,0,61
1018,169,0,45
814,27,1,59
720,79,0,55
818,67,0,69
515,14,1,82
1012,49,1,74
1618,77,0,59
410,129,1,82
29,81,1,86
215,54,0,70
219,158,0,48
818,197,0,54
1617,35,0,89
118,160,1,65
413,72,0,84
26,85,1,74
317,156,0,86
1620,195,0,72
57,164,2,61
712,126,2,45
411,63,1,71
517,196,0,86
210,181,0,67
1920,159,0,70
615,85,1,66
914,8,2,51
24,143,0,52
1011,189,1,60
1620,219,0,68
617,116,1,46
614,33,0,87
210,189,1,73
419,218,0,57
720,159,1,49
310,189,0,60
34,143,0,69
1113,110,0,73
1314,173,1,90
913,152,1,90
710,26,0,81
1219,118,0,66
1219,71,0,71
211,30,0,63
1618,75,0,89
918,8,0,88
89,188,2,65
913,28,1,90
1014,213,1,90
815,154,0,45
1418,13,1,86
69,145,1,62
418,137,1,52
37,26,1,79
1720,99,0,84
519,38,0,88
911,10,1,85
313,112,0,70
119,200,0,46
1218,137,0,68
920,159,0,66
14,143,0,55
49,168,1,75
1112,90,1,88
312,122,0,51
714,46,0,68
511,190,1,80
37,186,1,62
418,217,3,62
1116,155,0,79
1618,215,0,63
720,166,0,72
29,161,0,75
48,47,0,83
58,144,0,70
218,137,0,51
214,141,0,63
819,178,0,53
16,125,3,60
1217,176,0,74
810,49,0,78
919,158,3,54
213,132,0,58
1013,212,0,48
1317,116,0,90
512,171,0,63
1318,77,0,45
813,127,0,53
49,123,0,79
1619,38,0,70
1016,209,0,76
711,106,0,86
1214,133,0,80
46,3,0,82
220,81,2,66
36,25,1,58
517,136,0,65
612,85,0,83
14,160,1,49
1718,217,0,55
420,63,3,87
16,80,0,55
14,120,0,49
59,48,0,71
1112,11,0,79
310,182,0,47
1019,58,0,77
23,82,1,68
720,219,1,52
29,181,0,89
416,15,1,52
813,72,1,84
58,107,0,86
811,67,1,69
713,132,0,72
115,0,2,70
1118,57,2,48
1318,152,0,71
38,122,2,59
112,91,1,59
1116,95,2,46
35,64,1,84
1112,210,0,52
619,145,0,78
1012,149,0,77
1019,189,1,70
918,17,1,64
1820,179,3,55
514,133,0,84
58,127,1,85
1420,173,0,77
16,200,1,65
513,24,1,61
35,164,1,83
417,123,1,61
1719,218,0,46
1219,111,0,84
910,28,2,57
218,41,0,83
1820,57,0,78
713,52,1,73
1420,79,0,66
27,181,2,68
1519,154,0,51
1019,138,0,89
319,22,1,59
1417,73,0,56
420,19,1,82
812,51,0,68
517,204,3,65
48,167,0,49
615,154,0,80
413,192,0,79
216,1,0,51
1216,211,0,52
120,219,0,51
116,195,1,49
1213,112,0,63
1115,94,0,74
35,182,0,69
1319,218,0,72
717,156,1,59
1018,29,0,54
1315,132,0,85
319,78,0,55
1120,159,0,56
419,98,0,55
1314,153,2,62
1314,112,0,90
1418,57,1,79
1019,9,0,67
319,42,2,79
56,205,1,52
616,85,2,63
1214,111,1,64
514,184,0,64
110,149,0,81
16,20,1,81
120,100,0,82
17,186,2,48
1819,77,0,67
58,207,0,90
39,62,1,64
14,23,0,77
812,151,1,69
616,195,2,77
918,208,3,61
615,94,1,71
1213,11,1,70
1618,57,0,86
510,184,0,54
616,185,0,90
19,208,1,68
219,181,1,80
1115,134,0,69
1819,18,0,87
114,33,1,61
515,54,1,47
1218,51,0,76
915,128,2,49
913,68,0,62
312,82,0,54
215,81,0,63
1120,59,0,76
213,12,1,63
620,5,0,55
1619,35,0,73
320,79,1,55
28,101,1,86
1317,72,0,53
1016,29,0,64
810,27,0,57
720,59,0,63
815,187,1,81
1415,213,0,76
26,45,0,57
213,92,0,64
1216,215,0,51
1619,95,2,58
1117,136,0,65
1117,130,2,61
1420,13,1,70
719,138,1,81
1520,194,1,58
1020,139,0,65
1018,49,0,51
917,96,1,61
413,183,0,86
113,192,1,45
25,141,1,80
1416,215,0,53
36,162,1,59
413,3,0,72
511,44,1,55
916,175,3,84
1012,11,2,52
613,65,1,80
816,135,2,47
1015,154,1,85
713,186,0,81
913,8,0,67
710,46,0,51
34,22,0,63
1014,173,0,57
89,47,1,50
514,24,1,47
1518,14,1,63
912,108,2,83
410,89,0,89
24,23,1,73
1417,193,1,80
1115,130,0,85
1516,35,2,79
1113,72,0,56
1318,137,0,58
57,144,1,74
716,146,0,63
14,183,0,71
16,145,1,59
59,44,1,82
320,42,0,87
512,44,1,47
1719,96,1,80
512,64,0,80
315,154,0,54
415,194,1,70
29,208,0,81
513,204,0,53
18,207,1,83
24,183,1,81
716,106,0,66
914,113,2,52
78,6,1,71
412,83,0,55
310,2,0,49
57,206,0,60
1320,219,0,86
619,65,1,84
1219,58,0,62
314,213,0,65
1112,51,0,68
45,204,1,67
1320,19,0,83
112,131,0,76
815,27,0,52
411,23,0,45
220,41,0,53
1319,72,0,56
318,162,1,83
1415,33,0,68
14,203,0,52
715,186,1,53
1315,12,0,62
118,20,0,62
915,208,0,90
411,83,0,59
1216,91,0,77
1519,138,0,45
1320,79,0,84
1319,118,0,70
116,55,0,52
314,22,0,69
120,180,0,50
119,20,0,57
611,170,3,57
514,204,1,84
412,51,0,68
111,30,0,49
314,82,0,81
618,97,0,62
114,113,3,87
613,145,0,87
816,15,0,45
12,180,1,54
1013,169,0,65
313,152,0,54
1012,29,3,88
619,18,0,48
1317,192,0,71
419,78,1,54
115,74,1,90
45,103,1,81
613,205,0,54
615,194,0,46
418,143,0,76
1620,35,1,88
718,126,1,77
1015,29,0,53
712,166,1,49
1011,109,0,77
618,37,2,70
12,40,0,63
1718,117,3,90
1920,99,0,48
814,213,0,84
36,185,3,85
46,83,0,76
118,60,1,78
48,7,0,60
25,81,1,80
816,115,0,65
310,22,0,83
512,184,0,57
56,45,0,69
615,25,1,60
69,148,0,59
612,211,2,89
1012,51,1,90
911,48,3,71
1317,176,0,56
520,124,0,82
1214,213,0,69
710,186,0,65
1418,37,0,55
27,21,0,70
418,17,0,80
320,179,0,52
57,64,0,70
68,7,0,81
719,186,0,74
316,102,2,55
118,120,1,89
45,203,1,83
112,140,0,83
1520,154,1,88
78,126,1,55
28,47,1,49
915,68,1,84
69,65,0,47
916,215,0,83
1218,217,0,85
111,40,0,71
310,129,1,69
415,74,0,58
26,1,0,66
412,203,0,46
14,83,0,48
25,201,1,50
37,166,0,71
911,110,1,90
1719,76,0,45
1115,174,1,71
1617,156,3,83
311,110,0,84
518,217,0,77
418,157,0,71
1819,158,1,51
819,7,0,65
1016,89,0,90
1214,171,0,84
45,163,0,76
816,27,0,80
1719,116,2,45
1620,19,1,73
1117,90,0,69
714,93,1,73
510,24,0,77
713,146,3,82
49,103,0,89
34,63,0,84
711,170,0,71
46,43,0,56
611,205,0,49
1213,152,0,76
320,159,0,45
1420,213,0,62
1112,191,0,74
13,40,1,58
217,61,0,45
212,101,0,71
1518,57,2,71
1419,58,0,83
712,26,2,73
411,43,0,67
819,158,0,71
17,60,0,87
17,66,0,70
112,40,0,88
1019,158,0,90
1415,214,0,61
1115,190,0,64
1519,18,3,86
412,3,0,63
1119,38,0,64
413,132,1,84
1316,15,0,66
910,88,1,90
811,30,0,63
1415,193,0,83
111,130,0,84
1217,71,0,71
317,182,0,53
120,120,0,84
210,61,0,57
1314,133,3,69
14,180,3,86
1216,111,0,86
59,168,1,65
818,137,2,47
117,96,1,63
57,24,0,47
510,104,1,63
217,176,1,71
1317,96,0,81
214,161,0,84
518,17,0,59
113,60,1,79
1114,90,1,78
1115,154,0,68
89,128,0,55
56,124,1,73
920,28,1,83
111,0,1,86
18,47,1,81
1116,30,0,87
314,122,0,46
418,177,0,69
1618,15,1,54
27,126,1,80
119,100,0,56
813,7,0,53
1117,50,0,85
418,57,3,74
716,26,1,73
612,191,2,78
710,6,0,86
1019,169,0,47
78,106,0,84
212,161,0,85
912,31,0,56
68,25,1,85
1618,155,0,89
919,88,0,70
34,202,0,84
215,1,0,51
1318,132,3,60
513,144,0,70
911,128,0,88
1213,111,0,78
619,45,0,66
49,68,1,88
519,4,0,81
49,203,0,61
410,123,0,51
1218,31,0,61
1019,209,0,72
116,160,0,54
715,14,0,46
319,102,0,89
1215,91,1,65
217,181,0,71
1719,176,0,62
1017,29,0,52
417,36,0,59
89,7,2,67
613,165,0,82
611,165,1,65
1217,11,0,90
120,20,0,72
1517,94,1,85
616,215,0,72
810,169,0,46
215,194,0,82
615,74,1,89
810,107,0,63
720,126,0,79
1718,137,1,61
311,170,1,55
117,200,0,54
614,205,0,69
519,78,0,61
13,200,1,45
213,212,0,70
47,6,0,84
116,95,0,76
115,120,1,81
214,93,0,52
110,20,0,72
113,200,0,86
415,14,2,80
17,80,0,63
512,131,1,65
1113,210,0,88
811,27,1,62
1318,97,0,76
320,119,2,64
619,78,0,61
915,148,0,88
1316,95,3,45
18,67,1,69
917,116,1,55
1617,195,0,80
117,40,1,64
1416,153,0,83
1019,118,0,56
19,60,1,77
913,88,1,77
716,115,0,84
118,77,0,59
1516,115,0,48
210,89,0,67
69,25,0,84
820,219,0,49
16,180,0,65
1016,189,0,90
520,19,2,74
1113,130,0,85
920,139,3,48
46,45,0,55
1320,179,2,86
715,26,0,86
1011,149,0,56
19,168,0,74
1220,159,1,50
1720,199,1,81
920,148,0,87
47,86,0,45
411,123,0,55
711,86,0,52
39,142,2,63
1617,56,1,76
89,87,0,63
712,6,1,76
1416,15,0,51
1416,73,0,46
816,67,1,69
513,172,0,59
320,59,1,62
310,49,0,70
1215,131,0,63
818,187,0,77
811,130,0,48
16,160,0,45
1112,170,0,56
15,204,0,48
1113,112,0,79
213,201,1,62
818,207,0,81
1920,138,0,56
1119,150,0,45
312,111,1,46
1013,9,0,86
67,146,1,73
1517,76,3,74
35,82,0,45
520,24,1,66
812,11,0,80
1014,113,0,51
716,126,1,52
18,20,0,74
1019,49,0,81
1217,111,0,59
213,72,0,64
1416,175,0,56
415,183,0,84
1920,118,0,75
12,140,1,52
68,105,3,64
818,37,0,63
213,161,1,59
1415,113,0,67
37,66,1,83
219,118,0,60
49,3,1,57
1016,69,0,78
715,126,0,60
1215,11,3,47
34,163,0,46
118,17,1,62
712,91,2,87
1319,172,0,56
712,191,0,65
412,91,0,88
46,25,0,86
515,64,0,64
917,68,0,82
1317,196,0,65
1020,189,1,86
712,106,1,72
1420,159,0,47
1220,79,0,85
15,200,0,76
715,174,1,65
34,23,0,76
1518,17,1,83
816,87,0,79
1315,112,1,73
914,73,2,64
616,105,2,49
1419,213,3,87
516,135,1,75
1314,212,2,76
1017,89,2,70
819,118,0,46
616,75,0,57
1319,152,0,71
1214,131,0,89
412,11,0,67
1112,211,1,72
56,4,0,83
617,56,1,69
315,194,0,56
611,185,1,71
1520,139,0,85
1718,96,3,69
46,105,0,58
1118,197,1,74
218,57,0,87
812,7,2,64
1819,37,1,68
820,47,0,58
39,42,0,51
1419,13,0,54
1116,190,0,78
120,119,2,70
1315,154,1,82
719,58,0,71
214,1,0,63
15,80,0,65
813,67,0,65
49,143,0,63
56,24,1,68
45,64,0,75
415,94,2,55
1020,89,0,78
112,191,0,71
713,26,1,71
112,51,1,64
1216,95,0,90
710,189,0,47
1517,214,0,85
211,81,0,48
1519,194,0,67
717,116,1,64
913,108,0,47
714,53,0,74
1012,191,3,57
620,85,0,56
1617,155,1,60
1216,175,0,86
615,165,1,79
716,95,3,67
1516,195,0,71
211,181,2,61
519,164,0,69
515,184,0,56
910,49,0,50
1219,158,0,68
415,43,0,66
1115,150,1,74
717,176,1,80
115,180,0,65
1320,132,0,49
59,188,3,57
113,212,0,70
316,195,1,74
711,70,1,87
89,67,0,72
613,132,1,90
519,218,1,69
1319,58,1,52
919,208,0,79
215,134,1,58
716,75,3,55
1317,132,0,83
619,218,0,50
1416,173,0,64
28,1,1,51
1220,31,0,81
914,168,2,89
612,171,0,49
1011,70,0,88
413,103,1,60
1114,33,0,89
620,59,1,50
910,128,0,71
420,183,3,55
617,196,0,48
12,1,0,45
120,160,0,86
1920,59,1,90
215,141,0,68
910,209,1,58
1618,117,0,59
26,65,0,56
614,105,1,72
1216,11,0,52
517,176,1,47
56,105,0,47
313,132,1,56
68,107,1,75
213,52,0,75
516,24,1,65
319,182,0,75
913,168,2,72
216,161,3,57
1820,139,0,85
714,26,1,85
813,92,0,46
39,82,1,77
313,22,1,58
418,77,2,58
918,137,1,69
212,51,0,78
1019,69,0,52
214,61,0,90
219,1,1,57
420,119,0,50
1115,54,1,67
35,102,1,48
512,84,0,52
114,13,0,57
1719,198,3,88
19,160,2,77
916,128,1,82
16,120,1,64
219,41,0,52
620,199,0,76
1018,177,0,78
610,29,0,63
79,8,0,72
515,94,0,68
719,6,0,46
38,87,0,83
1112,150,0,80
1720,119,1,56
12,0,0,89
218,217,2,62
412,111,1,80
117,120,0,82
611,125,0,89
613,85,0,76
915,94,1,76
711,46,0,61
311,30,0,69
617,105,0,87
315,94,1,55
1015,174,0,79
1115,214,0,65
220,1,1,67
516,184,0,55
1018,117,0,52
119,180,1,62
914,213,0,68
217,156,1,61
18,100,0,54
1418,153,0,54
211,1,3,49
110,160,0,83
512,31,0,62
516,55,1,77
1112,30,1,61
312,171,2,75
1418,77,2,51
1116,75,0,60
211,61,0,57
1820,219,1,70
1015,54,0,86
1719,158,0,47
1516,154,0,70
618,177,0,54
613,92,0,58
110,0,0,47
14,163,0,77
315,202,1,78
1618,137,1,79
1216,191,0,76
23,201,0,90
313,52,0,81
913,48,0,89
516,164,1,86
1419,158,1,72
1020,59,1,78
416,123,0,60
1214,151,0,71
56,44,1,51
1320,152,3,56
318,97,0,63
1213,12,1,77
611,85,0,55
716,86,0,49
316,142,0,69
313,212,1,83
1113,10,3,73
1819,118,0,54
218,117,3,63
1018,197,0,80
915,14,0,60
1114,13,0,84
410,23,2,72
1820,197,1,87
1114,193,1,58
1620,179,1,60
610,49,1,85
1520,219,0,58
1319,78,0,67
619,25,2,47
411,103,0,53
617,25,1,90
1315,212,0,62
911,88,0,70
1618,37,0,55
311,70,1,50
14,43,1,81
511,10,0,67
615,114,0,89
1317,212,1,64
414,63,0,82
717,206,0,74
1013,49,0,65
1018,69,0,61
1120,90,1,76
415,123,1,68
720,6,0,66
215,114,0,71
1316,75,0,66
29,128,0,62
1517,96,3,47
420,179,1,79
1219,98,2,82
116,35,0,57
13,42,0,52
1113,172,0,70
1120,110,0,47
212,41,1,88
19,0,0,89
211,21,2,66
213,172,0,78
511,210,2,81
714,73,0,73
917,8,1,82
14,80,1,56
1219,138,0,63
815,34,0,83
511,170,0,88
314,53,1,56
18,80,0,90
1920,19,0,53
1319,18,1,49
718,166,0,76
418,23,0,55
1618,115,0,55
17,106,1,80
520,119,1,71
714,13,1,64
920,79,0,48
15,104,1,46
1119,18,1,85
610,109,1,73
38,167,0,75
119,60,0,63
36,85,0,58
719,206,0,59
712,206,1,87
19,108,0,57
1518,77,0,59
618,65,0,69
618,17,0,81
1319,192,0,46
813,87,0,72
810,149,0,51
316,95,0,62
912,91,0,46
214,181,1,83
212,71,1,45
216,141,0,72
710,129,0,63
918,28,1,47
1316,135,0,57
120,139,2,65
712,186,1,49
420,23,0,68
1416,193,1,62
815,47,0,69
910,169,0,87
911,170,0,82
513,12,1,56
1314,113,0,81
1617,76,0,79
615,54,0,71
717,56,1,85
320,162,2,54
1014,69,0,47
67,145,0,86
420,103,0,79
1317,56,1,69
1015,9,1,62
920,39,0,57
210,69,1,70
12,20,0,66
1019,129,1,48
611,105,0,89
1517,194,0,63
416,143,0,61
316,182,1,63
510,9,0,77
35,24,2,81
710,29,1,76
410,49,0,77
1318,12,0,90
1417,36,0,52
911,190,0,63
37,62,1,47
1017,16,1,83
613,32,0,47
914,88,0,90
611,65,0,47
1011,89,0,75
1114,190,1,79
23,181,0,46
1011,49,2,75
918,48,0,56
511,130,0,46
1720,79,1,51
1218,157,0,49
810,67,0,54
1017,176,0,78
410,143,0,87
1518,117,0,67
1219,211,0,63
1217,51,0,90
59,148,3,82
68,47,1,90
13,100,0,86
1217,36,3,56
1115,50,0,74
111,110,0,90
212,121,0,80
1119,10,0,51
111,200,2,51
45,3,0,72
39,162,0,77
713,112,1,68
218,21,0,62
311,10,0,68
1114,73,1,68
819,67,0,50
1314,132,0,78
1718,216,0,55
719,106,1,79
111,180,3,46
1020,209,0,79
118,197,0,55
18,187,0,53
119,138,0,58
89,187,0,54
710,169,1,69
68,27,0,50
1012,169,0,83
214,73,0,53
620,139,3,64
713,12,0,76
1619,155,0,80
316,122,1,69
36,82,2,64
512,111,0,74
911,108,1,88
416,195,0,66
38,2,0,57
1119,70,0,61
1920,199,0,79
1116,70,3,88
110,40,1,68
1217,96,0,54
1718,156,0,88
110,9,0,48
320,62,0,56
1720,139,0,88
58,204,1,82
1217,171,3,76
315,182,0,51
519,44,1,61
320,99,1,61
516,84,1,85
814,53,1,86
317,62,0,69
916,35,1,81
116,60,1,75
1020,179,0,62
1920,119,2,81
818,117,0,58
1718,157,1,70
720,46,0,81
514,213,0,63
29,8,2,64
819,218,0,58
311,82,2,59
415,214,1,73
915,54,0,59
210,41,2,60
1114,53,0,62
23,81,0,70
1020,49,0,59
1416,95,0,75
1516,15,0,73
511,90,3,47
615,145,1,78
1617,95,0,56
13,142,2,89
1420,219,0,69
812,207,0,82
1014,29,0,74
1120,130,0,59
24,1,0,89
1012,131,3,85
514,124,3,48
47,166,1,74
1011,9,0,67
1112,91,0,80
29,168,0,90
612,165,1,57
78,186,0,52
516,215,0,57
720,99,1,65
19,8,0,79
1214,73,0,86
1115,30,2,45
1920,39,1,60
312,182,2,50
218,61,1,49
1620,55,0,57
35,122,0,58
1418,213,3,55
1520,14,0,47
212,31,0,48
1619,75,0,61
312,31,0,78
714,213,0,66
418,163,3,48
118,140,0,76
38,22,3,83
518,164,1,83
919,178,0,82
415,103,0,76
1620,79,1,79
113,132,0,52
1219,191,0,80
1316,132,0,47
817,16,0,55
813,152,0,64
1719,178,0,90
59,8,0,75
15,100,1,57
1320,139,1,48
1013,109,0,72
320,199,1,53
48,147,3,83
618,157,0,50
317,36,1,70
18,107,0,80
1820,119,1,75
1015,149,1,81
210,149,0,74
510,69,0,88
216,75,0,69
715,54,2,53
1118,117,3,65
35,124,0,48
817,167,3,89
1518,37,1,72
518,64,0,90
17,26,1,47
1920,38,0,81
1419,218,0,81
510,149,0,50
1117,36,0,70
211,121,1,62
417,3,0,69
48,103,0,53
1314,73,0,80
58,4,0,81
12,161,0,71
811,187,0,46
316,62,0,80
517,24,1,75
35,142,0,79
218,197,0,73
1016,129,0,84
29,1,0,79
17,6,2,78
13,102,2,75
1116,150,1,80
110,140,0,51
412,123,1,82
1520,214,0,90
1119,218,0,45
1015,74,0,74
13,162,0,85
219,218,2,62
110,129,1,81
420,219,0,81
1118,157,1,62
1618,55,0,53
311,122,0,61
113,20,0,47
517,64,1,63
812,211,1,75
412,63,0,51
719,18,0,53
914,208,3,74
36,165,2,89
1415,114,1,89
414,73,1,59
14,140,2,56
1317,92,0,55
17,86,0,63
713,206,0,79
67,125,0,84
35,62,0,89
610,5,0,64
717,46,1,86
113,52,0,66
57,204,0,65
1520,34,0,71
1220,71,0,87
119,80,0,58
513,44,1,89
1113,150,0,52
1619,215,1,79
1020,19,0,58
615,125,0,78
716,215,0,72
1117,70,0,70
1517,174,0,81
1820,117,0,52
1618,35,1,89
718,197,1,45
49,8,0,56
616,125,1,47
1819,177,0,53
810,147,0,45
1216,131,1,59
620,45,1,64
1114,133,3,60
420,199,0,73
919,28,0,81
419,103,0,78
1018,37,1,49
417,56,1,55
67,45,0,48
1219,131,2,88
414,93,1,75
27,186,1,59
1113,92,0,89
1619,58,0,61
45,44,3,69
214,213,0,81
1018,17,1,73
19,88,1,72
112,80,0,70
1014,33,2,85
110,89,0,81
58,27,1,58
612,131,0,75
35,42,0,66
520,44,1,79
1415,13,0,89
612,91,0,89
914,148,2,76
1119,118,1,73
28,161,0,90
1318,112,0,74
213,181,0,57
19,80,0,69
47,143,1,88
1420,119,1,60
118,0,0,76
712,146,0,74
414,53,0,55
35,104,0,68
420,139,2,70
1719,38,0,47
118,37,0,45
514,53,0,67
1317,156,1,70
1316,175,0,90
39,188,1,47
1620,215,0,80
1018,217,0,56
420,203,1,83
14,0,0,83
116,135,1,51
320,102,2,50
212,11,0,58
615,34,0,66
1213,151,0,73
1020,69,0,64
314,102,1,86
912,188,3,48
29,48,0,47
1518,97,1,83
1214,71,2,52
1417,56,0,65
13,160,0,59
817,127,1,47
420,143,0,58
112,171,0,71
313,32,3,67
919,148,0,71
318,57,1,72
1316,55,0,57
1018,157,1,61
48,203,0,66
314,42,0,48
213,81,0,87
914,108,1,69
520,144,0,68
1112,171,0,85
115,140,1,52
419,3,1,58
616,155,1,46
812,131,1,48
1013,189,1,64
710,69,3,90
1015,49,2,78
318,77,3,79
89,167,0,47
24,63,0,45
1116,115,1,73
1220,91,2,73
1016,149,0,81
415,143,0,50
69,5,0,87
516,144,0,81
18,60,1,62
1619,175,1,63
36,205,1,64
515,154,0,71
1719,56,1,76
19,188,2,58
1315,74,0,78
1015,14,0,63
1320,92,0,69
918,188,0,84
1519,178,2,74
1419,178,0,84
36,45,0,47
717,16,0,82
1518,54,0,83
1118,217,0,52
816,195,0,49
28,121,1,83
1315,134,0,64
720,39,1,59
614,45,0,47
515,164,0,76
1620,75,0,50
13,20,1,47
1018,77,0,70
819,207,0,58
116,15,2,66
612,51,0,76
1819,78,1,54
1315,92,1,84
612,145,3,47
34,3,2,53
915,214,2,75
45,123,1,63
720,106,0,84
46,63,1,61
918,177,1,77
913,188,2,74
1314,192,0,78
714,153,0,71
515,114,1,73
1819,17,0,53
410,63,0,80
112,0,0,58
815,87,0,66
110,189,2,76
1116,130,0,74
710,49,1,80
57,186,0,68
1516,94,0,59
1016,115,1,46
38,147,0,48
511,150,0,73
611,130,0,49
1518,157,0,50
620,159,0,82
15,20,0,56
116,100,0,48
1820,137,0,87
16,5,1,74
1318,157,0,70
516,44,0,55
415,34,0,63
217,101,0,85
27,86,0,51
619,118,0,64
1420,59,0,86
712,111,0,52
27,201,0,68
16,25,0,81
1520,114,0,89
56,145,0,63
418,43,3,89
1819,98,1,59
1120,10,1,72
316,82,0,68
516,75,0,47
312,91,0,56
69,185,0,65
613,185,0,63
1214,53,0,71
118,40,2,63
12,121,1,58
1820,217,0,76
13,182,0,54
35,4,1,49
27,166,0,66
520,139,1,61
1120,219,1,78
412,211,1,57
16,105,0,53
814,67,0,79
13,60,1,75
713,106,0,75
1416,135,1,66
518,4,0,51
815,147,1,75
413,23,0,83
815,7,2,69
1219,18,2,65
1415,94,0,55
1318,212,0,86
1320,52,0,47
419,18,0,59
817,36,0,61
29,88,0,78
1120,139,0,81
917,16,0,73
820,187,1,70
619,125,1,48
717,166,0,76
316,162,0,48
45,24,0,50
68,45,2,81
23,182,0,53
320,22,0,85
57,66,0,68
26,185,1,65
620,205,0,62
211,130,0,66
1419,113,1,80
714,146,0,67
916,55,0,54
713,6,0,82
1418,97,0,63
1518,114,1,78
1119,78,0,48
110,49,0,62
25,204,0,50
13,0,1,86
56,85,0,53
417,16,3,45
312,151,0,49
614,113,3,51
113,160,0,52
916,28,0,48
712,131,0,68
47,3,0,85
37,2,1,60
1420,73,0,67
67,206,3,67
317,76,0,61
34,2,2,48
812,27,0,65
117,80,2,85
1720,39,0,51
26,5,1,80
220,21,2,70
113,100,1,77
713,172,0,47
68,187,0,83
1314,152,2,70
315,54,0,52
613,45,0,49
1519,38,0,78
1011,209,0,80
311,22,0,55
518,184,3,78
19,148,1,70
415,154,1,81
417,23,0,64
319,162,0,51
1618,217,0,77
89,147,0,52
23,101,0,73
57,124,0,65
211,210,1,90
712,31,0,81
313,102,0,72
78,27,2,62
1516,194,0,67
24,123,1,67
216,55,0,79
719,38,3,65
29,41,1,74
1316,152,0,61
1120,179,0,81
920,208,0,56
518,157,0,58
412,103,0,81
210,209,0,47
214,173,0,54
315,2,0,86
1720,16,1,48
611,25,1,50
68,165,2,77
810,127,0,69
419,43,0,51
1213,191,0,59
1516,75,0,46
817,196,0,52
78,26,0,59
310,42,0,57
1120,190,0,73
1215,151,0,52
12,101,1,72
217,121,0,64
1114,150,0,80
112,31,0,56
1118,90,1,55
1318,117,1,66
26,41,0,48
410,29,1,71
1318,197,0,85
813,112,0,77
116,140,0,78
812,191,1,70
610,105,0,57
1020,159,2,66
910,129,0,45
510,29,1,67
410,69,1,66
419,163,0,70
519,64,0,78
1718,177,1,45
510,124,0,72
516,64,0,75
1419,98,0,57
1216,15,0,70
1314,32,0,84
18,147,1,78
1019,89,0,65
56,104,0,50
117,0,0,62
1517,114,0,77
1520,79,0,71
620,99,2,89
1020,119,1,59
815,134,0,68
516,175,1,48
17,126,0,62
1217,136,0,56
817,107,0,77
1012,111,0,51
114,0,1,69
26,161,1,52
216,21,0,88
314,173,0,70
117,160,1,57
911,50,0,46
12,141,1,74
114,160,0,81
1316,172,0,88
29,68,1,67
410,103,0,56
920,179,0,67
312,102,1,73
38,42,0,77
813,192,1,74
16,205,2,74
820,179,0,45
515,44,1,73
1220,219,2,61
714,106,3,67
1217,16,0,75
116,75,2,49
1118,130,0,56
1119,190,0,65
320,39,1,71
1314,213,2,83
920,119,0,64
1518,74,0,69
515,174,0,66
1011,169,0,81
915,34,0,90
418,63,1,76
1415,73,0,63
910,29,1,48
1419,198,3,77
1113,52,1,50
516,204,2,88
619,205,0,62
612,125,1,86
1215,111,2,64
216,81,1,60
312,211,0,47
817,156,0,63
817,47,1,46
67,166,1,85
1117,110,0,76
1820,59,1,46
718,6,0,64
1213,91,1,86
415,63,0,76
816,7,0,47
1220,99,2,66
412,151,0,61
612,105,2,80
413,163,1,83
913,148,0,65
1819,197,2,48
1016,195,1,67
1018,209,0,61
89,168,1,62
212,201,0,62
1417,53,1,84
46,5,0,90
1215,94,0,46
1420,39,0,62
57,104,0,49
1117,116,0,65
14,3,0,65
911,208,0,81
69,85,0,80
816,215,3,69
1017,56,0,88
28,201,0,68
36,202,1,73
714,193,1,74
89,8,0,54
1618,135,0,87
1120,50,0,61
1016,95,0,71
618,77,0,55
1218,151,0,46
68,87,0,49
1619,158,1,80
214,133,1,58
411,30,0,73
511,164,0,55
1316,72,0,61
314,33,2,78
210,49,0,77
320,139,2,67
1416,155,1,70
613,105,0,80
715,134,0,49
1720,76,0,69
220,181,0,59
513,104,0,65
915,108,0,80
38,187,0,79
414,23,1,56
415,114,2,81
510,4,0,45
56,64,0,77
1920,179,0,74
814,153,0,59
1319,38,1,81
818,97,0,76
415,134,3,66
1016,169,0,61
24,121,3,66
1112,31,1,66
216,215,1,86
48,87,0,80
517,4,0,55
56,125,1,61
1316,92,0,63
617,185,1,48
618,117,0,59
24,21,0,71
120,159,0,54
120,79,0,86
214,113,2,70
1112,71,0,78
720,119,0,59
1013,129,0,68
57,4,1,48
212,141,0,69
1519,114,0,73
614,133,0,54
617,36,2,80
319,98,1,50
24,141,0,80
820,107,0,90
1217,191,1,90
69,168,1,72
410,149,3,61
1117,190,3,67
1719,78,3,56
1014,133,2,66
513,152,0,46
317,122,1,67
115,14,0,66
812,31,1,66
713,166,0,74
317,102,0,73
217,56,0,53
1214,91,3,59
120,40,0,84
1118,37,0,89
1518,34,0,68
59,88,2,59
1113,190,0,88
612,185,0,62
1315,72,1,56
1419,193,0,62
1220,59,0,62
1420,133,0,90
1416,195,1,63
1617,116,0,50
48,127,1,73
715,206,2,80
34,103,1,83
417,196,0,71
56,5,0,68
710,126,0,50
38,182,0,80
38,162,0,71
814,167,0,46
810,47,0,86
813,12,0,64
1320,159,1,83
619,185,0,48
19,28,0,64
216,101,3,82
119,18,0,60
1015,209,0,81
214,53,0,66
416,135,0,64
1113,170,1,53
49,23,0,56
212,91,2,58
719,158,1,77
412,43,0,78
616,175,3,46
220,179,3,69
1218,71,0,63
89,48,0,66
716,15,0,51
120,99,1,60
112,71,0,45
1120,150,0,46
57,146,0,87
513,132,0,83
811,110,1,90
712,151,1,63
513,212,0,78
312,51,2,58
915,28,1,54
1720,96,0,58
819,58,0,46
1315,214,1,69
812,87,0,62
118,200,0,76
1013,32,0,66
79,68,1,77
910,108,0,45
1420,33,0,74
1820,37,0,72
617,165,3,66
1417,13,0,63
215,94,1,53
1119,58,0,84
115,34,0,73
812,171,0,83
520,84,0,89
314,142,0,78
1219,38,0,85
820,159,1,79
618,85,0,82
519,124,1,85
917,88,0,72
1417,153,0,54
217,161,0,90
69,125,0,82
719,26,0,77
219,81,0,54
1218,111,0,78
1117,56,1,81
114,200,3,90
218,161,0,72
36,145,1,67
310,142,0,67
1120,79,1,50
613,125,0,70
39,68,0,61
512,11,0,68
49,163,1,68
819,127,0,82
116,40,1,73
610,165,1,49
810,7,0,82
1320,59,0,89
1720,216,2,50
1820,17,0,90
1415,34,0,69
49,108,0,74
15,4,1,70
1517,74,1,65
311,102,0,82
611,10,0,53
317,136,2,73
16,185,0,53
220,141,0,88
89,88,0,80
214,21,0,71
67,105,0,70
1118,110,0,57
1016,175,0,56
12,181,1,69
912,11,0,75
811,167,1,77
1718,56,1,63
1115,90,0,89
1218,77,0,68
1518,194,0,62
89,27,0,59
413,92,0,60
114,140,0,82
917,28,0,86
820,39,0,74
715,114,1,55
1117,216,0,76
312,22,2,69
618,205,0,45
914,188,0,90
1113,212,1,71
618,197,0,48
25,181,1,79
120,200,0,68
1619,78,0,56
48,83,0,73
1920,58,0,53
1318,92,0,90
17,160,2,85
28,187,0,74
119,198,0,63
1415,173,0,62
1012,151,1,87
620,79,2,61
520,164,0,55
820,7,0,79
25,161,0,53
34,83,2,53
819,167,1,82
45,84,1,60
618,25,0,79
519,184,1,49
1517,216,2,82
1119,158,1,65
1820,199,0,87
318,2,1,56
610,145,1,48
617,176,0,69
15,60,3,66
612,65,0,82
220,101,0,55
1017,169,1,56
814,207,0,71
57,106,1,54
1318,192,1,88
1320,199,0,45
1016,15,0,47
46,185,1,48
69,208,1,86
115,94,0,63
815,54,2,72
510,204,3,69
111,150,0,67
49,208,1,56
812,67,0,46
1018,149,1,64
718,106,1,77
1519,98,0,84
720,146,0,80
1113,70,0,68
912,71,2,64
911,150,1,58
619,38,1,54
1012,71,0,62
512,211,0,54
817,216,0,80
1113,152,0,54
1819,57,0,83
1216,55,0,85
1220,211,0,77
1720,36,1,48
1720,19,0,53
313,82,3,86
117,176,0,60
910,68,3,83
1217,196,0,47
610,149,0,52
114,80,0,49
36,65,0,69
1519,78,1,52
916,135,1,72
34,122,1,65
418,203,0,74
119,78,3,50
1416,55,0,77
1617,175,2,62
520,59,2,45
715,6,0,52
56,185,0,64
1119,110,0,50
218,17,0,83
1419,93,2,64
23,2,2,68
710,146,0,49
619,158,1,83
12,201,0,61
1416,213,0,55
1119,50,0,81
818,47,0,82
15,180,2,88
1819,58,0,58
1415,14,2,62
1013,69,0,62
1214,173,0,89
219,161,2,85
23,1,0,60
45,23,0,83
714,86,0,47
47,123,0,68
1719,98,3,79
37,6,0,68
17,40,0,46
916,168,0,49
715,166,0,55
916,148,0,86
220,79,0,87
317,162,0,87
419,23,0,79
1318,72,2,73
13,180,3,88
912,111,1,74
217,81,0,84
1115,74,0,86
213,32,1,66
320,122,0,74
1215,14,0,77
1516,34,1,69
319,142,0,45
410,83,0,64
48,107,0,81
516,15,0,47
616,35,1,80
820,147,1,84
45,124,0,58
1020,99,0,88
614,145,3,65
1619,135,0,89
411,170,0,68
1417,113,0,52
114,133,0,47
17,180,0,48
413,203,3,57
59,144,0,61
114,193,0,84
89,28,0,56
313,42,0,90
1720,179,1,69
1116,15,1,82
420,3,0,79
36,5,0,56
815,107,0,55
78,147,0,65
27,61,0,49
620,145,1,73
519,178,2,59
58,44,1,58
1019,18,3,50
818,107,0,77
820,207,0,90
210,121,0,76
1419,138,3,46
1516,175,0,48
311,2,0,50
113,140,0,67
920,19,1,45
1218,171,0,46
312,42,0,85
1417,173,0,82
1220,39,0,80
1315,172,0,80
711,50,0,89
1011,30,0,73
215,61,1,87
511,70,3,50
512,24,0,64
1518,197,2,77
217,216,0,60
1617,115,1,81
614,193,2,59
813,107,2,69
310,102,1,75
917,128,1,45
916,108,1,90
820,99,0,76
811,90,1,75
310,29,0,58
1316,115,0,74
416,43,0,87
1214,191,0,77
1117,210,2,55
318,17,1,49
37,142,0,45
15,84,1,59
1718,76,0,53
310,69,1,53
1216,35,1,56
1015,134,1,83
37,86,0,63
716,46,1,49
911,90,0,64
617,156,1,60
29,108,0,70
712,66,0,68
819,138,0,46
313,12,0,69
39,128,2,56
613,52,0,66
1719,196,1,62
117,20,3,78
1617,15,0,46
1215,174,1,71
1020,129,1,79
1011,110,3,46
1417,156,1,56
1520,39,2,60
811,150,2,80
37,42,0,79
18,160,0,69
315,82,1,53
916,8,3,50
519,84,1,74
1719,58,0,54
67,185,0,77
513,192,0,64
25,44,2,59
1218,97,3,75
518,57,3,57
1014,9,2,63
314,113,2,86
911,130,1,68
910,109,1,53
1718,196,1,47
1120,19,0,87
1315,152,0,61
610,25,2,50
510,49,0,50
27,146,1,76
817,7,1,81
319,62,0,84
413,123,1,86
213,112,0,46
614,93,3,64
714,113,0,66
812,147,0,55
1013,12,0,88
413,212,0,88
720,19,0,59
114,40,0,79
1516,174,0,69
518,37,2,84
1219,91,0,82
1520,99,1,54
419,158,0,51
610,89,0,68
1415,194,0,56
618,145,2,76
1720,136,2,45
1213,52,0,45
514,73,0,45
1013,92,0,88
1415,174,0,83
23,161,3,64
110,100,0,54
1017,209,0,49
217,21,0,65
520,159,0,58
1017,136,3,65
315,14,3,58
918,97,0,89
918,197,3,48
216,181,0,64
211,170,0,68
416,203,2,56
1215,34,1,79
520,179,1,56
111,70,0,64
818,77,2,77
1618,17,0,54
818,17,1,67
12,120,0,84
27,26,3,47
711,6,0,87
517,76,0,53
711,166,0,62
69,88,0,85
220,61,0,85
1416,113,0,74
817,136,0,70
1214,11,1,74
68,207,1,57
717,96,0,65
78,187,0,84
1216,31,0,60
311,190,0,77
610,189,0,70
915,194,0,61
817,27,0,74
17,120,0,75
1617,16,0,49
1417,216,0,54
1213,171,2,48
220,39,0,60
69,128,0,50
318,157,1,77
46,183,1,69
518,177,0,50
1120,199,1,88
717,216,0,83
710,209,1,80
912,8,0,86
36,102,2,58
46,103,1,62
1015,34,1,57
1320,119,0,56
1516,215,0,78
1319,212,0,83
12,200,0,62
210,161,0,51
1112,130,0,68
113,80,1,48
813,172,1,48
514,13,2,64
1617,36,1,67
611,110,1,48
412,23,0,73
56,165,1,45
1014,189,0,84
115,60,2,73
912,171,0,82
414,173,0,51
1519,158,1,56
116,215,0,51
1015,114,0,77
1418,117,0,65
419,38,0,56
1215,51,1,58
1118,177,2,61
916,115,0,69
1517,54,0,90
520,104,0,62
1020,149,0,52
411,190,0,72
811,170,1,67
1217,91,1,69
69,188,3,48
117,56,0,58
412,163,2,59
1114,50,0,82
515,124,0,57
1120,39,0,51
513,184,0,89
318,22,0,73
110,80,0,80
417,76,0,58
1013,29,0,88
920,168,0,62
812,187,0,78
45,164,1,68
814,13,1,84
17,206,0,81
318,217,0,85
1319,138,1,65
320,82,0,86
217,196,0,69
1011,129,1,88
420,163,0,61
211,101,0,82
716,135,3,63
617,145,1,69
313,92,1,88
412,131,0,88
1420,179,1,80
12,61,1,68
318,177,0,45
417,203,0,84
120,199,1,52
1113,90,0,47
613,112,0,46
1219,11,0,57
1114,130,1,75
813,132,1,80
417,63,1,89
316,35,0,69
814,87,0,85
518,44,2,78
111,190,0,46
1617,176,0,61
1011,150,0,61
38,207,0,68
810,89,0,58
917,176,0,48
1017,129,1,67
13,122,0,86
18,87,0,73
110,60,0,76
34,82,0,64
1617,216,0,64
1116,90,0,46
1417,196,0,64
919,188,0,87
917,216,0,67
413,83,0,67
16,60,2,71
1920,158,0,68
1018,97,0,70
47,63,1,58
111,100,0,59
45,104,1,74
919,168,0,60
717,6,3,86
1517,14,0,90
119,158,0,80
614,173,0,68
1619,195,1,81
217,76,0,58
111,160,3,50
720,26,0,52
1216,171,0,86
211,10,0,63
1219,171,0,86
1317,136,0,66
918,157,3,72
1116,215,2,70
47,66,1,54
719,66,2,80
1620,99,1,86
711,10,1,80
915,88,0,55
219,121,1,88
79,186,0,68
69,108,0,85
38,102,3,47
1519,174,0,61
511,84,0,52
1317,172,1,52
417,116,0,61
215,121,1,72
45,83,0,83
520,64,0,61
26,21,1,79
1620,115,0,55
1019,29,0,63
516,115,1,90
1320,112,1,45
1216,51,0,85
918,88,0,55
815,74,0,46
320,182,0,54
317,42,0,74
614,213,2,49
1620,155,0,63
820,27,0,50
816,147,0,87
116,200,1,85
114,73,0,66
1316,52,0,57
48,23,1,71
713,66,2,56
313,72,1,87
216,41,1,53
813,187,0,85
1114,210,3,46
716,166,0,66
1820,39,0,79
1118,50,0,62
1119,98,0,87
814,47,0,89
36,142,0,86
717,136,0,49
59,184,0,70
914,13,1,62
17,100,2,75
117,216,0,52
1020,219,0,49
1819,178,1,86
119,40,0,58
510,144,2,81
28,67,0,53
512,71,0,58
1318,32,0,88
410,163,1,82
413,43,0,62
1117,16,0,66
1819,138,0,74
1018,189,0,77
1517,36,0,56
720,186,0,67
1215,134,2,50
17,0,1,60
220,219,1,46
1418,197,0,73
620,119,1,46
410,3,1,49
1013,72,2,52
317,196,3,76
1519,214,0,52
1417,213,1,52
1620,15,0,77
79,28,0,71
511,24,3,48
1420,139,1,49
39,182,1,63
815,114,2,72
1517,116,3,72
67,186,1,73
17,46,1,58
1516,14,0,79
1215,214,1,51
413,52,0,89
13,202,0,79
617,96,2,81
1011,90,0,86
818,7,0,89
1018,137,0,84
511,4,1,52
27,106,1,74
1418,93,0,76
1416,115,0,70
718,57,0,61
1820,19,1,63
819,78,1,72
214,41,3,84
716,55,0,90
19,180,0,46
711,30,1,84
413,32,1,48
614,53,0,49
46,65,0,70
39,2,0,80
910,9,0,71
517,216,1,67
113,180,0,78
36,125,0,84
816,75,1,46
1012,91,0,82
57,46,0,49
112,180,1,77
520,79,0,56
19,20,1,62
16,65,1,53
817,207,0,89
1719,138,0,90
1315,174,0,60
411,10,0,54
518,77,3,90
219,21,0,53
413,12,0,68
1120,99,0,56
214,81,0,64
317,16,0,67
916,188,3,78
520,204,3,82
1216,115,0,87
415,54,2,54
418,197,0,64
1119,90,1,54
510,189,0,64
12,60,0,64
711,110,3,57
1617,96,1,67
56,144,1,65
1517,16,3,72
115,194,1,86
47,126,0,62
1720,176,0,89
119,0,0,76
814,7,2,78
213,152,3,86
120,60,1,55
316,22,0,57
16,140,3,60
615,45,3,45
614,153,0,51
79,26,0,87
216,15,0,66
512,164,1,86
26,165,3,54
1220,19,0,75
312,191,0,89
914,193,3,87
1416,53,0,59
115,134,0,81
1320,39,2,85
1215,194,1,57
513,84,0,90
713,86,0,77
714,6,1,47
310,109,0,66
1120,170,2,59
519,98,0,59
314,193,0,85
913,92,1,60
810,207,2,75
1113,32,1,53
1315,52,0,62
119,140,3,58
920,128,1,46
1213,31,1,46
1617,215,1,89
19,200,0,45
1519,134,1,55
214,13,1,52
712,171,0,88
512,91,1,71
1217,56,0,60
1216,135,2,56
318,122,0,84
1318,57,3,63
210,101,1,50
415,3,2,83
114,173,1,86
217,201,0,73
113,12,1,87
716,186,0,81
313,162,0,52
410,43,0,45
710,86,0,65
317,96,0,47
814,147,0,47
69,68,3,54
18,0,1,88
910,48,1,54
514,64,2,48
15,184,0,79
1819,157,1,62
1216,195,0,90
28,41,0,60
813,47,2,61
314,73,1,50
1218,211,0,90
213,121,0,66
37,106,0,89
1220,199,0,58
811,207,0,80
24,181,0,63
79,206,0,80
58,84,1,58
1318,177,3,46
34,62,0,63
29,148,0,79
26,61,0,68
1119,198,0,83
18,127,0,79
1119,130,1,75
58,47,0,54
316,135,0,67
119,160,1,79
1518,134,0,76
1520,74,0,60
312,202,3,50
46,125,0,80
39,202,1,90
817,147,0,75
411,70,1,53
1620,159,1,51
59,104,1,84
1418,173,3,59
1114,93,0,74
517,44,0,52
89,208,3,49
119,178,0,87
27,46,0,78
211,141,0,89
110,200,0,49
68,5,0,62
713,72,0,73
616,15,2,58
312,142,0,74
517,124,1,68
617,216,0,70
912,168,2,84
115,114,0,51
810,9,0,68
1718,57,1,89
1020,109,1,57
712,11,1,72
417,43,1,46
911,68,1,87
417,183,0,75
411,183,1,57
69,48,0,59
219,101,0,84
1417,176,1,70
215,174,1,87
514,193,1,82
313,2,1,88
718,186,0,83
1116,50,0,70
19,128,0,80
314,62,0,71
1516,74,1,51
417,136,0,81
1518,174,0,80
1315,54,0,53
319,58,1,89
67,25,0,52
1317,112,2,65
916,88,1,50
16,165,0,86
612,11,0,79
1819,198,0,83
810,129,1,67
918,168,1,57
914,173,0,87
1618,195,2,52
517,16,0,76
314,182,2,83
610,209,2,54
1415,53,0,49
219,138,0,62
411,110,0,76
1220,119,1,86
1218,131,1,88
1217,156,1,85
1116,170,1,67
913,52,0,59
23,41,0,64
113,172,0,66
1220,11,0,64
36,122,1,67
420,159,0,58
1420,193,0,53
814,193,1,62
79,48,0,45
1011,170,1,82
711,210,0,81
1415,133,0,82
1516,214,1,57
417,143,0,84
1920,18,0,90
820,199,1,76
812,167,0,64
13,2,2,83
913,192,0,68
47,206,0,66
414,103,1,66
1517,154,0,49
615,185,0,87
717,106,1,87
220,159,3,60
719,146,1,51
1213,172,0,51
819,27,2,51
79,168,0,89
215,101,1,75
915,74,1,56
611,210,0,69
812,111,0,79
1516,114,0,54
419,178,0,53
37,122,0,72
511,144,0,67
1013,192,0,64
620,25,2,73
318,117,0,63
716,175,0,77
27,101,0,85
610,85,3,46
510,109,0,50
1014,153,2,90
1116,110,1,73
69,205,0,90
819,38,0,76
712,46,3,84
1016,215,3,58
1014,193,2,82
315,122,0,80
219,201,2,82
1920,98,1,48
78,7,0,57
26,125,0,66
316,155,1,45
915,48,0,58
819,147,0,58
917,76,0,75
1320,192,0,74
1115,194,0,87
1418,177,1,58
1213,211,0,82
815,127,0,77
414,3,1,61
114,100,0,54
1114,213,0,55
15,24,0,90
1020,9,0,64
514,153,1,45
117,100,0,45
718,46,3,86
419,63,2,56
1117,150,2,68
820,119,2,76
37,182,0,51
817,187,0,61
1618,157,0,76
811,47,0,70
1014,129,1,50
214,193,0,87
1419,173,0,60
619,165,0,65
1719,136,0,47
219,61,1,74
119,58,0,56
1417,76,0,83
1215,191,2,90
118,100,1,64
916,155,0,54
28,21,1,68
715,194,1,84
78,206,0,81
1518,217,1,77
614,165,0,57
416,175,1,79
1420,53,0,47
1012,189,0,53
1720,219,0,49
718,86,0,87
710,206,0,76
78,127,0,73
514,4,0,56
113,0,0,82
1017,216,3,46
35,22,0,50
115,174,0,75
414,113,1,86
23,121,1,74
1519,118,0,71
615,174,0,85
1317,36,0,87
317,202,0,77
713,126,0,75
620,105,1,81
410,9,1,67
612,151,0,84
48,27,0,80
1215,171,0,82
58,64,0,75
513,92,0,47
819,107,0,46
1115,110,1,51
79,148,0,78
918,117,0,58
1014,53,0,63
820,87,0,58
1012,171,0,90
46,123,1,67
1314,93,1,59
416,83,1,87
1120,210,0,45
216,195,1,88
519,158,2,74
617,76,2,70
919,98,1,64
59,164,1,62
912,48,0,56
215,214,1,83
710,109,0,47
917,56,0,60
1014,169,0,65
1020,199,1,47
25,104,0,69
1520,19,0,71
812,127,0,74
26,205,1,78
318,197,1,88
24,203,0,85
811,87,2,64
1619,138,0,52
1213,71,1,60
518,137,0,73
1417,93,3,79
419,58,0,71
420,59,0,71
211,150,0,47
1517,136,2,58
1720,196,2,78
45,183,0,68
1113,132,0,62
315,62,0,66
110,209,0,51
59,128,0,57
25,61,0,70
214,101,3,90
210,29,0,57
517,96,0,82
1718,176,0,54
1415,153,0,89
815,94,1,50
511,124,0,63
520,199,0,84
712,86,0,89
417,163,1,70
78,67,0,76
49,188,0,59
819,87,0,81
1018,57,1,81
610,69,0,88
512,151,1,65
310,89,0,68
213,192,0,87
814,73,0,78
711,66,1,68
114,180,1,80
27,41,0,77
711,126,0,77
612,31,0,69
912,28,0,45
1315,32,1,83
314,13,1,53
210,129,1,75
1217,151,1,67
1920,178,1,65
1316,112,3,65
718,77,1,89
47,23,0,48
27,121,0,62
25,101,0,70
416,103,0,82
918,68,0,89
59,204,0,49
1112,110,1,63
816,95,2,66
1419,153,0,52
1120,119,1,58
310,209,0,77
1218,191,0,67
1517,56,2,70
78,86,0,51
1115,34,0,58
1118,10,0,65
314,2,0,79
411,203,3,89
216,201,1,84
612,5,3,69
310,122,1,48
618,45,3,64
714,133,0,51
219,141,0,84
917,196,3,84
24,103,0,46
315,42,1,64
67,165,0,59
1117,176,2,71
45,4,0,67
511,30,0,87
714,126,2,82
39,88,0,64
1219,78,1,90
1618,177,0,49
611,5,0,90
415,83,0,66
1418,133,1,88
113,112,0,62
48,183,1,54
89,127,0,74
914,53,1,48
24,163,0,53
58,87,0,80
1016,75,1,67
913,212,0,76
68,205,0,73
212,21,1,65
1012,69,0,62
1117,156,0,67
319,82,0,50
38,107,3,48
716,155,0,75
1820,97,0,81
311,62,0,61
915,168,2,81
919,128,0,48
1416,13,0,73
46,145,0,78
310,149,0,88
1720,56,0,58
1319,178,0,82
819,98,1,47
1316,212,0,45
1920,79,0,48
414,13,0,66
612,111,1,56
414,83,0,58
117,60,0,75
512,124,3,53
918,77,0,83
57,184,0,53
910,208,0,83
711,90,0,84
35,204,0,54
1819,218,0,90
1116,175,0,54
58,147,2,71
414,183,0,65
817,116,1,56
212,61,0,81
1215,54,0,54
1118,30,2,50
615,5,3,79
919,38,0,69
1219,151,0,56
710,9,0,76
1618,175,0,73
216,135,3,83
15,40,1,67
15,124,1,50
518,197,2,73
416,95,0,47
1418,113,0,76
319,178,0,84
711,186,0,87
416,163,0,54
820,79,1,79
1316,215,1,86
110,120,0,76
118,217,1,83
1718,17,0,78
613,5,0,74
1117,196,1,72
59,124,2,50
717,86,0,60
1820,159,0,76
1220,139,1,49
814,127,1,50
119,118,0,53
316,55,1,80
315,142,0,54
314,202,0,74
913,32,1,86
79,128,0,68
1320,32,2,58
1417,16,1,49
715,94,0,73
38,7,1,46
616,165,0,80
917,36,1,49
1214,13,0,46
26,145,0,46
57,84,0,47
1115,170,0,87
1819,97,0,61
515,4,0,60
1112,151,1,82
114,20,0,54
111,60,0,76
1319,98,0,56
616,65,3,51
1420,99,1,78
56,65,0,83
216,155,1,61
1416,33,0,79
414,213,0,70
79,126,1,75
512,4,0,83
215,181,0,67
39,108,2,45
212,111,2,77
511,204,0,55
79,86,0,65
217,36,0,49
12,100,0,77
1519,94,1,45
816,167,0,78
1719,18,0,87
913,172,1,53
910,8,2,67
514,84,1,71
37,206,0,75
519,144,0,76
1516,134,0,68
67,126,0,61
220,99,0,81
1017,76,0,67
420,123,1,80
1419,33,1,65
1017,109,1,65
1014,149,0,64
920,68,1,70
1618,95,1,90
314,153,1,55
15,144,2,52
29,21,0,63
24,161,0,69
1017,149,0,79
916,68,0,54
418,37,0,46
719,198,3,49
218,181,1,73
118,137,1,62
1315,34,1,66
1820,79,2,79
718,17,0,55
710,166,1,74
47,183,3,62
1120,70,2,68
311,182,1,85
115,20,1,45
1218,57,1,52
212,211,0,76
319,38,0,84
1419,18,0,53
1012,211,0,58
1719,156,0,90
416,155,2,88
1720,59,1,56
918,128,0,52
35,162,1,51
1619,98,1,58
1417,116,0,48
28,147,0,71
910,149,0,58
28,141,0,79
1018,9,0,55
617,85,1,46
919,78,0,88
39,148,0,76
218,121,0,48
23,21,0,57
1113,50,1,73
416,35,2,65
814,113,0,52
717,26,0,81
120,59,1,65
516,104,1,48
1920,139,0,70
1419,38,0,58
914,68,0,85
1317,76,0,46
1219,178,0,48
111,210,0,49
812,71,2,46
111,170,0,70
411,163,0,63
410,109,0,50
34,142,0,45
1617,196,0,84
610,125,1,60
1718,37,0,81
619,105,0,48
215,74,0,83
219,198,0,46
48,163,0,85
710,149,0,49
1113,30,3,82
49,148,0,80
1517,196,0,78
1217,116,0,50
317,142,1,63
319,138,0,54
58,164,1,77
818,217,1,49
1317,216,2,65
1011,10,0,45
513,124,1,89
1215,74,0,62
56,204,0,79
610,169,0,51
1116,135,0,55
1013,52,2,56
511,50,1,88
818,147,0,56
1417,96,0,48
718,217,0,74
57,26,1,69
1112,190,1,83
218,141,0,77
1620,59,0,50
1718,116,0,73
34,102,0,61
36,42,0,64
79,208,0,60
1118,70,1,73
215,34,0,55
211,70,0,56
510,84,0,69
79,6,2,72
612,45,0,73
619,98,0,47
718,26,0,88
818,127,0,83
1314,172,1,54
110,29,1,86
315,102,0,88
418,103,0,88
615,205,0,64
67,26,0,73
118,157,1,56
717,76,0,61
67,85,1,69
719,78,1,83
619,178,1,57
1012,89,0,87
48,187,0,60
116,155,0,83
117,156,0,72
213,21,0,62
1119,138,0,61
110,109,0,65
49,48,3,64
211,41,1,65
512,104,0,70
1520,54,0,64
515,144,0,84
1016,55,0,55
613,172,0,88
1415,54,3,45
415,163,0,53
217,116,0,84
69,105,1,90
213,1,1,46
118,177,1,49
25,184,1,65
319,122,0,54
89,68,0,82
820,127,0,60
610,65,0,58
412,183,1,79
25,84,0,50
620,185,0,53
417,156,0,45
1319,52,0,45
411,150,1,88
59,24,0,58
719,178,2,86
811,147,0,46
716,66,1,79
23,141,1,66
1015,89,0,61
26,25,0,86
1113,192,0,74
116,20,2,58
1112,111,0,54
314,93,1,49
512,51,1,58
515,24,1,78
47,163,0,52
1720,116,0,53
1920,198,0,82
1718,77,1,50
416,55,1,59
1320,12,0,62
46,23,0,49
1013,89,0,80
212,1,0,61
1213,32,0,81
46,143,0,69
15,160,1,52
78,146,1,59
14,63,1,79
1316,195,0,53
715,154,1,85
217,141,1,65
1116,35,0,77
817,87,1,63
56,164,1,88
1014,73,0,58
1217,76,0,67
34,43,0,53
914,28,0,90
14,100,0,67
78,207,1,90
115,100,0,81
318,137,1,81
1214,33,3,66
59,4,0,64
1620,95,0,62
420,99,0,61
816,207,0,59
920,199,0,64
1417,136,0,49
111,20,3,88
720,139,0,62
615,65,0,59
315,34,1,76
1218,177,1,74
1217,31,2,75
410,209,0,65
118,97,2,62
219,98,0,87
1418,33,0,83
215,161,0,77
69,8,0,63
917,168,0,90
811,10,1,80
119,98,3,60
913,208,0,71
29,121,0,45
1617,136,0,48
34,203,1,49
718,117,1,81
210,201,0,48
419,198,0,75
515,194,0,81
1819,137,0,70
919,138,2,72
67,5,0,69
910,168,3,73
1015,169,0,67
1620,39,0,86
110,69,1,77
1213,131,0,51
112,151,1,79
916,75,0,70
49,83,0,77
25,121,1,56
1017,196,2,64
318,102,2,68
58,124,3,61
48,3,0,70
315,214,1,52
412,191,0,81
1016,109,0,69
1419,73,0,66
816,55,0,80
619,58,0,56
1519,14,1,48
38,67,0,79
1320,99,0,70
1416,133,0,73
89,107,0,88
25,144,0,90
1316,32,0,67
1019,198,0,59
215,201,2,65
1518,214,0,69
220,139,0,73
315,22,0,61
517,84,0,82
45,43,1,64
39,8,0,69
814,33,0,79
917,136,0,90
1318,52,0,56
1118,150,2,49
818,87,2,62
1316,12,0,85
915,8,1,80
26,105,0,80
420,79,0,62
1014,209,0,72
25,41,3,71
35,84,0,63
816,175,1,84
815,14,0,69
78,46,0,45
36,2,0,70
917,156,2,66
218,177,0,64
18,7,2,75
919,68,2,81
520,219,0,74
18,40,0,87
1315,114,0,82
111,50,1,83
1420,93,1,90
415,23,2,82
811,190,0,88
517,184,0,51
810,29,1,67
516,95,3,48
713,92,0,74
713,192,0,64
1013,209,1,52
1617,75,3,75
69,45,1,87
614,65,3,63
411,3,0,90
211,161,0,70
320,202,0,55
49,128,1,53
116,0,1,53
715,74,1,86
1620,135,3,90
916,95,0,61
29,188,1,60
1619,118,0,49
37,162,0,82
25,164,1,84
112,120,2,68
211,190,1,80
515,84,0,45
311,130,1,63
817,76,0,54
811,107,0,84
1718,16,0,79
1520,159,0,50
718,97,0,59
1820,157,2,54
917,108,0,45
1520,199,2,47
29,201,1,64
79,106,0,55
514,164,1,50
616,145,0,85
67,46,0,78
415,203,0,52
710,66,0,76
218,157,0,67
1516,95,0,67
316,75,1,51
312,71,0,78
1215,211,2,86
410,203,3,50
414,43,1,84
68,127,0,86
1019,78,0,61
913,12,0,59
13,140,1,76
318,37,0,62
418,117,1,67
1218,37,3,89
416,183,0,76
1317,152,1,87
1517,34,0,81
618,57,0,85
1112,50,0,62
1517,156,0,45
47,203,1,57
515,104,0,58
417,216,1,88
912,128,1,73
1014,49,0,84
211,50,0,71
814,93,1,63
813,212,0,77
1319,32,1,66
1619,178,0,46
78,87,0,76
210,109,0,69
1014,93,0,85
617,205,2,88
711,206,0,88
412,71,1,45
79,88,0,56
412,143,1,84
1418,157,0,75
1011,130,0,85
518,124,0,71
618,105,0,55
611,90,0,50
320,19,0,66
919,218,0,85
610,205,0,60
1314,72,1,71
118,57,1,67
710,106,1,46
819,47,0,50
34,123,0,58
818,57,0,86
1012,109,0,66
717,66,1,79
1416,93,0,74
57,86,0,71
616,55,0,81
1819,117,0,82
418,123,0,69
920,219,0,68
118,117,0,83
78,167,0,56
920,59,1,50
119,38,0,78
1619,18,0,80
46,165,0,80
719,46,0,87
220,199,0,83
418,97,0,89
13,82,0,80
1020,169,0,81
515,204,1,82
1117,170,2,90
68,125,0,77
1115,70,0,80
610,9,1,52
27,161,0,83
26,181,1,54
38,127,0,84
1418,53,0,46
19,68,0,65
37,126,0,78
1016,35,1,74
913,72,1,63
1418,17,1,63
1214,51,0,52
519,18,0,75
24,81,2,78
38,142,1,55
1520,134,0,72
712,71,0,56
411,50,0,59
16,85,0,83
218,101,1,55
918,108,1,61
814,173,3,79
910,69,0,60
1016,135,1,66
318,82,2,66
214,201,0,55
1419,118,3,51
511,64,1,59
311,42,1,53
1719,216,0,77
612,25,1,50
1216,71,1,65
916,208,1,45
25,21,1,64
1620,139,0,67
418,183,0,47
519,24,0,82
1215,31,0,59
120,39,0,85
69,165,1,63
1019,109,1,73
117,16,3,59
716,206,0,84
519,118,0,61
39,48,0,56
220,121,1,86
214,121,1,71
1215,71,3,58
1019,149,0,51
19,100,1,74
217,41,0,48
615,105,1,86
56,84,0,56
611,30,2,60
36,182,3,53
1117,30,0,71
46,203,0,55
1320,172,0,62
910,148,1,48
1018,89,0,69
710,89,1,88
410,169,0,77
34,162,0,76
1519,74,0,54
218,201,3,84
59,68,0,90
15,44,0,74
310,162,1,62
617,16,0,77
419,123,0,79
1019,98,0,55
219,18,0,77
1114,10,1,73
219,38,0,73
68,145,0,53
15,140,0,50
23,102,1,59
617,125,2,73
